X,Y,id,icon_url
-49.3295467174106,-28.6115304050009,"1",./0.png
-49.318064783691,-28.6066594988216,"2",./0.png
-49.3290072977056,-28.6024649264177,"3",./0.png
-49.3194518629323,-28.6145069586987,"4",./0.png
-49.3197601027637,-28.5956991342165,"5",./0.png
-49.340566291383,-28.6103126996303,"6",./0.png
